<?xml version="1.0" encoding="UTF-8"?>
<jcr:root xmlns:cq="http://www.day.com/jcr/cq/1.0" xmlns:jcr="http://www.jcp.org/jcr/1.0" xmlns:nt="http://www.jcp.org/jcr/nt/1.0"
    jcr:primaryType="cq:TabPanel"
    activeTab="0"
    helpPath="en/cq/current/wcm/default_components.html#Text Image"
    xtype="tabpanel">
    <items jcr:primaryType="cq:WidgetCollection">
        <tab1
            jcr:primaryType="cq:Widget"
            anchor="100%"
            title="Text"
            xtype="panel">
            <items jcr:primaryType="cq:WidgetCollection">
                <richFlag
                    jcr:primaryType="cq:Widget"
                    ignoreData="{Boolean}true"
                    name="./textIsRich"
                    value="true"
                    xtype="hidden"/>
                <text
                    jcr:primaryType="cq:Widget"
                    editElementQuery="div[class=&quot;text&quot;]"
                    hideLabel="{Boolean}true"
                    name="./text"
                    xtype="richtext">
                    <rtePlugins jcr:primaryType="nt:unstructured">
                        <links jcr:primaryType="nt:unstructured">
                            <linkDialogConfig
                                jcr:primaryType="nt:unstructured"
                                height="{Long}316">
                                <linkAttributes jcr:primaryType="cq:WidgetCollection">
                                    <linkAdvanced
                                        jcr:primaryType="cq:Widget"
                                        collapsed="{Boolean}true"
                                        collapsible="{Boolean}true"
                                        inputValue="advanced"
                                        name="./linkdialog/cq:adhocLinkTrackingTab"
                                        title="Link tracking"
                                        xtype="dialogfieldset">
                                        <items jcr:primaryType="cq:WidgetCollection">
                                            <enable
                                                jcr:primaryType="nt:unstructured"
                                                attribute="enabletracking"
                                                fieldDescription="override analytics framework settings"
                                                fieldLabel="Custom link tracking"
                                                name="./linkdialog/cq:adhocLinkTrackingEnableTracking"
                                                xtype="checkbox">
                                                <listeners
                                                    jcr:primaryType="nt:unstructured"
                                                    check="function(component){var dlg=component.findParentByType('rtelinkdialog');dlg.enableSCFields(component.checked);}"/>
                                            </enable>
                                            <evars
                                                jcr:primaryType="nt:unstructured"
                                                attribute="adhocevars"
                                                fieldDescription="e.g.: eVar1: pagedata.url, prop4: 'const'"
                                                fieldLabel="Include SiteCatalyst variables"
                                                name="./linkdialog/cq:adhocLinkTrackingEvars"
                                                xtype="textfield"/>
                                            <events
                                                jcr:primaryType="nt:unstructured"
                                                attribute="adhocevents"
                                                fieldDescription="e.g.: event2, event7"
                                                fieldLabel="Include SiteCatalyst events"
                                                name="./linkdialog/cq:adhocLinkTrackingEvents"
                                                xtype="textfield"/>
                                        </items>
                                    </linkAdvanced>
                                </linkAttributes>
                            </linkDialogConfig>
                        </links>
                    </rtePlugins>
                </text>
            </items>
        </tab1>
        <tab2
            jcr:primaryType="cq:Widget"
            cropParameter="./image/imageCrop"
            ddGroups="[media]"
            fileNameParameter="./image/fileName"
            fileReferenceParameter="./image/fileReference"
            mapParameter="./image/imageMap"
            name="./image/file"
            requestSuffix="/image.img.png"
            rotateParameter="./image/imageRotate"
            sizeLimit="100"
            title="Image"
            xtype="html5smartimage"/>
        <tab3
            jcr:primaryType="cq:Widget"
            title="Advanced Image Properties"
            xtype="panel">
            <items jcr:primaryType="cq:WidgetCollection">
                <alt
                    jcr:primaryType="cq:Widget"
                    fieldDescription="(leave empty to use the title defined above)"
                    fieldLabel="Alt Text"
                    name="./image/alt"
                    xtype="textfield"/>
                <description
                    jcr:primaryType="cq:Widget"
                    fieldLabel="Description"
                    name="./image/jcr:description"
                    xtype="textarea"/>
                <linkURL
                    jcr:primaryType="cq:Widget"
                    fieldDescription="Drop files or pages from the Content Finder"
                    fieldLabel="Link to"
                    name="./image/linkURL"
                    xtype="pathfield"/>
                <resType
                    jcr:primaryType="cq:Widget"
                    ignoreData="{Boolean}true"
                    name="./image/sling:resourceType"
                    value="foundation/components/image"
                    xtype="hidden"/>
                <size
                    jcr:primaryType="cq:Widget"
                    fieldLabel="Size"
                    heightParameter="./image/height"
                    widthParameter="./image/width"
                    xtype="sizefield"/>
                <title
                    jcr:primaryType="cq:Widget"
                    fieldLabel="Title"
                    name="./image/jcr:title"
                    xtype="textfield"/>
            </items>
        </tab3>
        <tab4
            jcr:primaryType="cq:Widget"
            xtype="componentstyles"/>
    </items>
</jcr:root>
