<?xml version="1.0" encoding="UTF-8"?>
<jcr:root xmlns:cq="http://www.day.com/jcr/cq/1.0" xmlns:jcr="http://www.jcp.org/jcr/1.0" xmlns:nt="http://www.jcp.org/jcr/nt/1.0"
    jcr:primaryType="cq:Dialog"
    helpPath="en/cq/current/wcm/default_components.html#Carousel"
    manageTabs="function(tab,noSwitch){var tabs=['carousel','list','children','static','search','querybuilder','herocarousel'];var index=tabs.indexOf(tab);if(index==-1) return;for(var i=2;i&lt;tabs.length;i++){if(index==i){this.unhideTabStripItem(i);}else{this.hideTabStripItem(i);}}this.doLayout();if(!noSwitch)this.activate(index);}"
    title="Carousel"
    xtype="tabpanel">
    <items jcr:primaryType="cq:WidgetCollection">
        <carousel
            jcr:primaryType="cq:Widget"
            title="Carousel"
            xtype="panel">
            <items jcr:primaryType="cq:WidgetCollection">
                <playSpeed
                    jcr:primaryType="cq:Widget"
                    defaultValue="{Long}6000"
                    fieldDescription="Time in milliseconds until the next slide is shown."
                    fieldLabel="Play Speed"
                    name="./playSpeed"
                    xtype="numberfield"/>
                <transTime
                    jcr:primaryType="cq:Widget"
                    defaultValue="{Long}1000"
                    fieldDescription="Time in milliseconds for a transition between 2 slides."
                    fieldLabel="Transition Time"
                    name="./transTime"
                    xtype="numberfield"/>
                <type
                    jcr:primaryType="cq:Widget"
                    defaultValue="{Boolean}false"
                    fieldLabel="Controls Style"
                    name="./controlsType"
                    type="select"
                    xtype="selection">
                    <options jcr:primaryType="cq:WidgetCollection">
                        <o1
                            jcr:primaryType="nt:unstructured"
                            text="(default)"
                            value=""/>
                        <o2
                            jcr:primaryType="nt:unstructured"
                            text="Prev / Next Buttons"
                            value="pn"/>
                        <o3
                            jcr:primaryType="nt:unstructured"
                            text="Top-Left Switches"
                            value="tl"/>
                        <o4
                            jcr:primaryType="nt:unstructured"
                            text="Top-Center Switches"
                            value="tc"/>
                        <o5
                            jcr:primaryType="nt:unstructured"
                            text="Top-Right Switches"
                            value="tr"/>
                        <o6
                            jcr:primaryType="nt:unstructured"
                            text="Bottom-Left Switches"
                            value="bl"/>
                        <o7
                            jcr:primaryType="nt:unstructured"
                            text="Bottom-Center Switches"
                            value="bc"/>
                        <o8
                            jcr:primaryType="nt:unstructured"
                            text="Bottom-Right Switches"
                            value="br"/>
                    </options>
                </type>
            </items>
        </carousel>
        <list
            jcr:primaryType="cq:Widget"
            title="List"
            xtype="panel">
            <items jcr:primaryType="cq:WidgetCollection">
                <listFrom
                    jcr:primaryType="cq:Widget"
                    defaultValue=""
                    fieldLabel="Build list using"
                    name="./listFrom"
                    type="select"
                    xtype="selection">
                    <listeners
                        jcr:primaryType="nt:unstructured"
                        loadcontent="function(){this.findParentByType('tabpanel').manageTabs(this.getValue(),true);}"
                        selectionchanged="function(box,value){box.findParentByType('tabpanel').manageTabs(value);}"/>
                    <options jcr:primaryType="cq:WidgetCollection">
                        <children
                            jcr:primaryType="nt:unstructured"
                            text="Child pages"
                            value="children"/>
                        <static
                            jcr:primaryType="nt:unstructured"
                            text="Fixed list"
                            value="static"/>
                        <search
                            jcr:primaryType="nt:unstructured"
                            text="Search"
                            value="search"/>
                        <querybuilder
                            jcr:primaryType="nt:unstructured"
                            text="Advanced Search"
                            value="querybuilder"/>
                        <heroCarousel
                            jcr:primaryType="nt:unstructured"
                            text="Hero Carousel"
                            value="herocarousel"/>
                    </options>
                </listFrom>
                <orderBy
                    jcr:primaryType="cq:Widget"
                    fieldDescription="Enter a property like 'jcr:created'"
                    fieldLabel="Order by"
                    name="./orderBy"
                    type="combobox"
                    xtype="selection">
                    <options jcr:primaryType="cq:WidgetCollection">
                        <title
                            jcr:primaryType="nt:unstructured"
                            value="jcr:title"/>
                        <created
                            jcr:primaryType="nt:unstructured"
                            value="jcr:created"/>
                        <modified
                            jcr:primaryType="nt:unstructured"
                            value="cq:lastModified"/>
                        <template
                            jcr:primaryType="nt:unstructured"
                            value="cq:template"/>
                    </options>
                </orderBy>
                <limit
                    jcr:primaryType="cq:Widget"
                    fieldDescription="Maximum number of items displayed in list"
                    fieldLabel="Limit"
                    name="./limit"
                    xtype="numberfield"/>
            </items>
        </list>
        <children
            jcr:primaryType="cq:Widget"
            title="Child pages"
            xtype="panel">
            <listeners
                jcr:primaryType="nt:unstructured"
                render="function() { this.findParentByType('tabpanel').hideTabStripItem(2); }"/>
            <items jcr:primaryType="cq:WidgetCollection">
                <parentPage
                    jcr:primaryType="cq:Widget"
                    fieldDescription="Leave empty to use current page"
                    fieldLabel="Parent page"
                    name="./parentPage"
                    xtype="pathfield"/>
            </items>
        </children>
        <static
            jcr:primaryType="cq:Widget"
            title="Fixed list"
            xtype="panel">
            <listeners
                jcr:primaryType="nt:unstructured"
                render="function() { this.findParentByType('tabpanel').hideTabStripItem(3); }"/>
            <items jcr:primaryType="cq:WidgetCollection">
                <pages
                    jcr:primaryType="cq:Widget"
                    fieldDescription="Click the '+' to add a new page"
                    fieldLabel="Pages"
                    name="./pages"
                    xtype="multifield">
                    <fieldConfig
                        jcr:primaryType="cq:Widget"
                        width="155"
                        xtype="pathfield"/>
                </pages>
            </items>
        </static>
        <search
            jcr:primaryType="cq:Widget"
            title="Search"
            xtype="panel">
            <listeners
                jcr:primaryType="nt:unstructured"
                render="function() { this.findParentByType('tabpanel').hideTabStripItem(4); }"/>
            <items jcr:primaryType="cq:WidgetCollection">
                <searchIn
                    jcr:primaryType="cq:Widget"
                    fieldDescription="Leave empty to use current site (eg. /content/mysite)"
                    fieldLabel="Start in"
                    name="./searchIn"
                    xtype="pathfield"/>
                <query
                    jcr:primaryType="cq:Widget"
                    fieldLabel="Search query"
                    name="./query"
                    xtype="textfield"/>
            </items>
        </search>
        <querybuilder
            jcr:primaryType="cq:Widget"
            title="Advanced Search"
            xtype="panel">
            <listeners
                jcr:primaryType="nt:unstructured"
                render="function() { this.findParentByType('tabpanel').hideTabStripItem(5); }"/>
            <items jcr:primaryType="cq:WidgetCollection">
                <savedquery
                    jcr:primaryType="cq:Widget"
                    fieldLabel="Querybuilder predicate notation"
                    name="./savedquery"
                    xtype="textarea"/>
            </items>
        </querybuilder>
        <herocarousel
            jcr:primaryType="cq:Widget"
            title="HeroCarousel"
            xtype="panel">
            <listeners
                jcr:primaryType="nt:unstructured"
                render="function() { this.findParentByType('tabpanel').hideTabStripItem(6); }"/>
            <items jcr:primaryType="cq:WidgetCollection">
                <image
                    jcr:primaryType="cq:Widget"
                    cropParameter="./imageCrop"
                    ddGroups="[media]"
                    fileNameParameter="./fileName"
                    fileReferenceParameter="./fileReference"
                    height="200"
                    mapParameter="./imageMap"
                    name="./file"
                    requestSuffix=".img.png"
                    rotateParameter="./imageRotate"
                    title="Image"
                    xtype="smartimage"/>
                <img
                    jcr:primaryType="cq:Widget"
                    cropParameter="./fileCrop"
                    ddGroups="[media]"
                    fileReferenceParameter="./fileReference"
                    height="200"
                    mapParameter="./imageMap"
                    name="./file"
                    title="IMG"
                    width="300"
                    xtype="smartimage"/>
            </items>
        </herocarousel>
    </items>
</jcr:root>
