<?xml version="1.0" encoding="UTF-8"?>
<jcr:root xmlns:cq="http://www.day.com/jcr/cq/1.0" xmlns:jcr="http://www.jcp.org/jcr/1.0"
    jcr:primaryType="cq:Dialog"
    title="List Dialog"
    xtype="dialog">
    <items
        jcr:primaryType="cq:Widget"
        xtype="tabpanel">
        <items jcr:primaryType="cq:WidgetCollection">
            <image
                jcr:primaryType="cq:Panel"
                title="Image">
                <items jcr:primaryType="cq:WidgetCollection">
                    <logoimage
                        jcr:primaryType="cq:Widget"
                        ddGroups="[media]"
                        fileNameParameter="./logoimg/fileName"
                        fileReferenceParameter="./logoimg/fileReference"
                        height="200"
                        name="./logoimg/file"
                        requestSuffix="/logoimg/.img.png"
                        title="Logo Image"
                        xtype="smartimage"/>
                    <logoReqType
                        jcr:primaryType="cq:Widget"
                        ignoreData="{Boolean}true"
                        name="./logoimg/sling:resourceType"
                        value="foundation/components/image"
                        xtype="hidden"/>
                </items>
            </image>
            <link
                jcr:primaryType="cq:Panel"
                title="Link">
                <items jcr:primaryType="cq:WidgetCollection">
                    <linkPath
                        jcr:primaryType="cq:Widget"
                        fieldLabel="Link Page"
                        name="./linkpath"
                        xtype="pathfield"/>
                </items>
            </link>
        </items>
    </items>
</jcr:root>
